mode,archetype,strategy,Environmental,Economic,Social,Technological,WSM,WSM_rank,TOPSIS,TOPSIS_rank
FULL_BRIDGES,RO-A1,ENERGY,60.21407761250382,49.59892692841108,63.82433760143465,51.21395757762428,56.21282492999346,3,46.251709769607885,2
FULL_BRIDGES,RO-A1,MAINT,50.93050017255933,51.66545224459789,64.5099257561428,52.125913434840605,54.80794790203515,5,23.315907215377308,5
FULL_BRIDGES,RO-A1,CIRCULAR,54.09594560209679,47.51991845298346,63.825791701662645,51.23242234242428,54.1685195247918,6,22.79145948927191,6
FULL_BRIDGES,RO-A1,DIGITAL,49.98213597774125,50.13851466591268,63.89909960143465,61.51841833115646,56.38454214406126,2,42.43313672837975,3
FULL_BRIDGES,RO-A1,SOCIAL,49.32760643849435,48.36448634222517,70.85839798488199,51.22318996002428,54.94342018140645,4,24.75743692448566,4
FULL_BRIDGES,RO-A1,INTEGRATED,62.7972363272553,53.661439167521394,69.67123608022227,59.647042896085665,61.44423861777116,1,89.43217605453714,1
FULL_BRIDGES,RO-A2,ENERGY,60.838456761633815,49.70676928560044,63.84451561274076,51.6328411406855,56.505645700165125,2,47.76139104784413,2
FULL_BRIDGES,RO-A2,MAINT,50.96961362805933,51.752047350752704,64.52913840070805,52.51482136581816,54.941405186334556,5,22.96363108622789,5
FULL_BRIDGES,RO-A2,CIRCULAR,54.149700044890125,47.6253298638391,63.84573503223575,51.6483258326855,54.31727269341262,6,22.661526692661145,6
FULL_BRIDGES,RO-A2,DIGITAL,50.03042419440792,50.218695640580336,63.917305612740755,61.82662842482993,56.49826346813973,3,41.486932452309055,3
FULL_BRIDGES,RO-A2,SOCIAL,49.37396312649435,48.468958934234195,70.87845865582159,51.6405834866855,55.09049105080891,4,24.583243391550877,4
FULL_BRIDGES,RO-A2,INTEGRATED,63.27094686067799,53.73066582733771,69.6889470506481,59.95708705114331,61.66191169745177,1,89.58066731011466,1
FULL_BRIDGES,RO-A3,ENERGY,60.3332913563963,49.68990395143362,63.841316233119784,51.312518415991626,56.294257489235335,3,46.55572866043388,2
FULL_BRIDGES,RO-A3,MAINT,50.939703338559326,51.75165955347886,64.52667724271245,52.217421183305916,54.85886532951414,5,23.229201962691793,5
FULL_BRIDGES,RO-A3,CIRCULAR,54.10859370628346,47.610595769786045,63.84271511435178,51.330281987191626,54.223046644403226,6,22.78016268239188,6
FULL_BRIDGES,RO-A3,DIGITAL,49.99349791107458,50.22337101198106,63.91561423311978,61.590938353197274,56.43085537734317,2,42.23672413825179,3
FULL_BRIDGES,RO-A3,SOCIAL,49.338513894494355,48.45473596455011,70.87534900706912,51.32140020159163,54.9974997669263,4,24.729470029982046,4
FULL_BRIDGES,RO-A3,INTEGRATED,62.88798377168291,53.74423447658797,69.68763423170029,59.719994461981585,61.50996173548819,1,89.45850196943267,1
FULL_BRIDGES,RO-A4,ENERGY,60.40488010843571,49.581315856816225,63.821031784991426,50.967555481705915,56.19369580798732,3,46.54403133678323,2
FULL_BRIDGES,RO-A4,MAINT,50.907492257559326,51.66081215067591,64.50718780248835,51.897144063677345,54.743159068600235,5,23.200419748502714,5
FULL_BRIDGES,RO-A4,CIRCULAR,54.06432534163012,47.50358801308226,63.82262393270943,50.98777323050591,54.09457762948193,6,22.58237467368947,6
FULL_BRIDGES,RO-A4,DIGITAL,49.95373114440791,50.137193383710596,63.89695378499143,61.33711827605441,56.33124914729109,2,42.44290044461142,3
FULL_BRIDGES,RO-A4,SOCIAL,49.300337798494354,48.34899494372824,70.85516119218377,50.97766435610591,54.87053957262807,4,24.56802172170974,4
FULL_BRIDGES,RO-A4,INTEGRATED,62.935929579905256,53.66665610131177,69.66938146429686,59.46466398134587,61.434157781714944,1,89.49083024600296,1
FULL_BRIDGES,RO-A5,ENERGY,60.04801061207269,49.67483774218744,63.838392546652905,51.558920511909996,56.280040353205756,3,46.04414298832102,2
FULL_BRIDGES,RO-A5,MAINT,50.962711253559334,51.72356951927249,64.52318569345682,52.44619055446918,54.913914255189454,5,23.398179214893002,5
FULL_BRIDGES,RO-A5,CIRCULAR,54.140213966750125,47.59669094831649,63.8396533803949,51.574931099109996,54.28787234864288,6,23.036447477950535,6
FULL_BRIDGES,RO-A5,DIGITAL,50.02190274440791,50.19394880582385,63.9115305466529,61.77223840829931,56.474905126295994,2,42.318899474401135,3
FULL_BRIDGES,RO-A5,SOCIAL,49.36578253449435,48.43707597486806,70.87235629685723,51.56692580550999,55.06053515293241,4,24.967811367895713,4
FULL_BRIDGES,RO-A5,INTEGRATED,62.678637817292326,53.712339052844214,69.6832593447156,59.90237337672138,61.49415239789338,1,89.37506431517096,1
FULL_BRIDGES,RO-A6,ENERGY,60.34749377306297,49.639755316005186,63.831874619856016,51.43571946395081,56.313710793218746,3,46.635856652898134,2
FULL_BRIDGES,RO-A6,MAINT,50.95120729605933,51.69490920148073,64.51695169805431,52.33180586888754,54.87371851612048,5,23.235207007448277,5
FULL_BRIDGES,RO-A6,CIRCULAR,54.12440383651679,47.56148812881046,63.833204477343024,51.452606543150814,54.24292574645527,6,22.82362641984774,6
FULL_BRIDGES,RO-A6,DIGITAL,50.00770032774125,50.16635397884277,63.905592619856016,61.681588380748295,56.44030882679708,2,42.121417958203025,3
FULL_BRIDGES,RO-A6,SOCIAL,49.35214821449435,48.40315915460734,70.86587288193286,51.44416300355081,55.016335813646336,4,24.7659369235379,4
FULL_BRIDGES,RO-A6,INTEGRATED,62.900600932354266,53.68672786057422,69.67746701817762,59.811183919351485,61.5189949326144,1,89.45977265483887,1
FULL_BRIDGES,RO-A7,ENERGY,60.58240352153174,49.76171217285964,63.85469748176754,51.50964009272632,56.42711331722131,3,47.174365438117135,2
FULL_BRIDGES,RO-A7,MAINT,50.95810967055934,51.81320698720435,64.5396042011292,52.400436680236524,54.92783938478235,5,23.07774393421442,5
FULL_BRIDGES,RO-A7,CIRCULAR,54.13388991465679,47.68210167202032,63.85598592500753,51.526001276726326,54.299494697102745,6,22.743363659680455,6
FULL_BRIDGES,RO-A7,DIGITAL,50.01622177774125,50.28269162347284,63.92806748176753,61.735978397278906,56.49073982006513,2,41.833647763578064,3
FULL_BRIDGES,RO-A7,SOCIAL,49.36032880649435,48.52469401028361,70.88867503672087,51.517820684726324,55.07287963455629,4,24.668995194642406,4
FULL_BRIDGES,RO-A7,INTEGRATED,63.07746887346955,53.79969866140233,69.69985451993378,59.86589759377341,61.61072991214476,1,89.51647042218721,1
FULL_BRIDGES,RO-A8,ENERGY,59.476814343457505,49.73145676248915,63.84088980244588,51.3617988351753,56.10273993589196,3,44.344076515757074,2
FULL_BRIDGES,RO-A8,MAINT,50.94430492155932,51.770681983414605,64.5261372394808,52.26317505753857,54.87607480049832,5,22.96911445035839,6
FULL_BRIDGES,RO-A8,CIRCULAR,54.11491775837679,47.80420164622783,63.84226107417988,51.379211809575295,54.28514807208995,6,23.146541204833014,5
FULL_BRIDGES,RO-A8,DIGITAL,49.99917887774125,50.38295659074838,63.91495580244588,61.62719836421769,56.4810724087883,2,42.91481585323163,3
FULL_BRIDGES,RO-A8,SOCIAL,49.343967622494354,48.466021296812116,70.87490877164622,51.3705053223753,55.013850753332,4,24.965991382845434,4
FULL_BRIDGES,RO-A8,INTEGRATED,62.248291856144746,54.13775425237157,69.68691756092282,59.75647024492953,61.45735847859217,1,89.26921493622793,1
HALF_BRIDGE_EFFECT,RO-A1,ENERGY,60.21407761250382,48.72392692841108,63.82433760143465,51.21395757762428,55.99407492999346,2,58.86477678298492,2
HALF_BRIDGE_EFFECT,RO-A1,MAINT,50.90207640267044,51.47621011226938,64.16713167878873,51.66993550623244,54.553838424990246,4,27.349400096556554,4
HALF_BRIDGE_EFFECT,RO-A1,CIRCULAR,52.816583888702716,47.51991845298346,63.82506465154865,51.22318996002428,53.84618923831478,6,22.18269897115566,5
HALF_BRIDGE_EFFECT,RO-A1,DIGITAL,49.98213597774125,50.013250652044334,63.86171860143465,56.36618795439037,55.05582329640265,3,32.32780854876744,3
HALF_BRIDGE_EFFECT,RO-A1,SOCIAL,49.32162248693879,48.364127139683205,67.34136779315833,51.21857376882428,54.06142279715115,5,17.656002874478286,6
HALF_BRIDGE_EFFECT,RO-A1,INTEGRATED,61.808316075215785,52.769254835611505,66.74778684082847,55.430500236854975,59.188964497127685,1,93.09991457452543,1
HALF_BRIDGE_EFFECT,RO-A2,ENERGY,60.838456761633815,48.83176928560044,63.84451561274076,51.6328411406855,56.286895700165125,2,60.387796735532895,2
HALF_BRIDGE_EFFECT,RO-A2,MAINT,50.94577723875377,51.562805218424195,64.1868270067244,52.073831253251825,54.69231017928855,4,26.7221009026838,4
HALF_BRIDGE_EFFECT,RO-A2,CIRCULAR,52.867605218432715,47.6253298638391,63.84512532248825,51.6405834866855,53.994660972861396,6,21.818140564190614,5
HALF_BRIDGE_EFFECT,RO-A2,DIGITAL,50.03042419440792,50.09343162671199,63.880910612740756,56.72973478275771,55.183625304154596,3,31.3659346907254,3
HALF_BRIDGE_EFFECT,RO-A2,SOCIAL,49.36894493927213,48.46859973169224,67.36148713428118,51.6367123136855,54.20893602973276,5,17.373652534690855,6
HALF_BRIDGE_EFFECT,RO-A2,INTEGRATED,62.28472154383051,52.838481495427814,66.76673133169443,55.79496409591441,59.42122461671679,1,93.25871638478898,1
HALF_BRIDGE_EFFECT,RO-A3,ENERGY,60.3332913563963,48.81490395143362,63.841316233119784,51.312518415991626,56.075507489235335,2,59.17925500828293,2
HALF_BRIDGE_EFFECT,RO-A3,MAINT,50.91235895233711,51.56241742115035,64.18399673791612,51.764969799648775,54.60593572776309,4,27.204849282035408,4
HALF_BRIDGE_EFFECT,RO-A3,CIRCULAR,52.828588907462716,47.610595769786045,63.84201567373578,51.32140020159162,53.90065013814404,6,22.124220824911777,5
HALF_BRIDGE_EFFECT,RO-A3,DIGITAL,49.99349791107458,50.09810699811272,63.87846523311978,56.45172838459445,55.10544963172538,3,32.12486366703538,3
HALF_BRIDGE_EFFECT,RO-A3,SOCIAL,49.332757181605466,48.45437676200815,67.35833262009446,51.316959308791624,54.11560646812492,5,17.602566006876057,6
HALF_BRIDGE_EFFECT,RO-A3,INTEGRATED,61.89969762204152,52.852050144678074,66.76447523241004,55.5162564389866,59.25811985952906,1,93.12984176984187,1
HALF_BRIDGE_EFFECT,RO-A4,ENERGY,60.40488010843571,48.706315856816225,63.821031784991426,50.967555481705915,55.97494580798732,2,59.183327185759495,2
HALF_BRIDGE_EFFECT,RO-A4,MAINT,50.87637002850378,51.47157001834739,64.16410979373988,51.43234977269163,54.48609990332067,4,27.159764578761752,4
HALF_BRIDGE_EFFECT,RO-A4,CIRCULAR,52.78657134180271,47.50358801308226,63.82182785885043,50.977664356105905,53.77241289246032,6,21.944811609651822,5
HALF_BRIDGE_EFFECT,RO-A4,DIGITAL,49.95373114440791,50.01192936984226,63.85899278499143,56.15233687888016,54.99424754453044,3,32.28064882628534,3
HALF_BRIDGE_EFFECT,RO-A4,SOCIAL,49.29378575027213,48.34863574118628,67.33809648858761,50.97260991890591,53.98828197473798,5,17.495089873554086,6
HALF_BRIDGE_EFFECT,RO-A4,INTEGRATED,61.945424071870434,52.774471769401885,66.74520662464415,55.2161097315259,59.17030304936059,1,93.1448137507284,1
HALF_BRIDGE_EFFECT,RO-A5,ENERGY,60.04801061207269,48.79983774218744,63.838392546652905,51.558920511909996,56.061290353205756,2,58.62257921646729,2
HALF_BRIDGE_EFFECT,RO-A5,MAINT,50.938065326503775,51.53432738694398,64.18078912005485,52.002555533189586,54.66393434167305,4,27.489639290563026,4
HALF_BRIDGE_EFFECT,RO-A5,CIRCULAR,52.85860145436271,47.59669094831649,63.8390229635239,51.56692580550999,53.96531029292828,6,22.438692248335364,5
HALF_BRIDGE_EFFECT,RO-A5,DIGITAL,50.02190274440791,50.06868479195551,63.874961546652905,56.665579460104645,55.15778213578024,3,32.278395814078,3
HALF_BRIDGE_EFFECT,RO-A5,SOCIAL,49.36059391827213,48.43671677232609,67.35537442175507,51.56292315870999,54.17890206776582,5,17.81631611667397,6
HALF_BRIDGE_EFFECT,RO-A5,INTEGRATED,61.69193692364625,52.820154720934326,66.76082594568425,55.73064694431569,59.25089113364513,1,93.06110950759482,1
HALF_BRIDGE_EFFECT,RO-A6,ENERGY,60.34749377306297,48.764755316005186,63.831874619856016,51.43571946395081,56.094960793218746,2,59.2419014525082,2
HALF_BRIDGE_EFFECT,RO-A6,MAINT,50.92521213942044,51.50566706915222,64.17441315895516,51.88376266641918,54.62226375848675,4,27.202572906148326,4
HALF_BRIDGE_EFFECT,RO-A6,CIRCULAR,52.843595180912715,47.56148812881046,63.83253954859952,51.44416300355081,53.92044646546837,6,22.147698662550656,5
HALF_BRIDGE_EFFECT,RO-A6,DIGITAL,50.00770032774125,50.04108996497443,63.868733619856016,56.558653922349556,55.119044458730315,3,32.02890482553381,3
HALF_BRIDGE_EFFECT,RO-A6,SOCIAL,49.346675549938794,48.40279995206537,67.34887375089444,51.439941233750815,54.13457262166236,5,17.616005669612996,6
HALF_BRIDGE_EFFECT,RO-A6,INTEGRATED,61.91310741071053,52.79454352866433,66.75467081901682,55.62345169165114,59.27144336251071,1,93.13617770416003,1
HALF_BRIDGE_EFFECT,RO-A7,ENERGY,60.58240352153174,48.88671217285964,63.85469748176754,51.50964009272632,56.20836331722131,2,59.803481130815825,2
HALF_BRIDGE_EFFECT,RO-A7,MAINT,50.93292405167045,51.62396485487584,64.19715084144836,51.95503838648143,54.67726953361902,4,26.939968117040998,4
HALF_BRIDGE_EFFECT,RO-A7,CIRCULAR,52.85259894498272,47.68210167202032,63.85534170338753,51.517820684726324,53.976965751279224,6,21.989707382017727,5
HALF_BRIDGE_EFFECT,RO-A7,DIGITAL,50.01622177774125,50.157427609604504,63.89138248176753,56.622809245002614,55.17196027852898,3,31.71691882313512,3
HALF_BRIDGE_EFFECT,RO-A7,SOCIAL,49.35502657093879,48.524334807741646,67.3716862592442,51.51373038872632,54.19119450666274,5,17.492199740722008,6
HALF_BRIDGE_EFFECT,RO-A7,INTEGRATED,62.09045092862441,52.907514329492436,66.77727600085066,55.68776884324986,59.36575252555434,1,93.19359733636735,1
HALF_BRIDGE_EFFECT,RO-A8,ENERGY,59.476814343457505,48.85645676248915,63.84088980244588,51.3617988351753,55.88398993589196,2,56.47789880337404,2
HALF_BRIDGE_EFFECT,RO-A8,MAINT,50.917500227170436,51.581439851086095,64.18351352096334,51.812486946356934,54.6237351363942,4,27.166007150335258,4
HALF_BRIDGE_EFFECT,RO-A8,CIRCULAR,52.83459141684271,47.80420164622783,63.84157543831288,51.370505322375294,53.96271845593968,6,22.707163143594393,5
HALF_BRIDGE_EFFECT,RO-A8,DIGITAL,49.99917887774125,50.25769257688004,63.87792280244588,56.49449859969649,55.15732321419092,3,32.88317514794469,3
HALF_BRIDGE_EFFECT,RO-A8,SOCIAL,49.3383245289388,48.46566209427016,67.35789928704605,51.3661520787753,54.13200949725758,5,17.720207537105054,6
HALF_BRIDGE_EFFECT,RO-A8,INTEGRATED,61.260322757702426,53.245569920461676,66.76390368168435,55.55913454005242,59.20723272497522,1,92.94733791292256,1
NO_BRIDGE_CREDIT,RO-A1,ENERGY,60.21407761250382,47.84892692841108,63.82433760143465,51.21395757762428,55.77532492999346,2,71.07871675154435,2
NO_BRIDGE_CREDIT,RO-A1,MAINT,50.87365263278155,51.28696797994087,63.82433760143465,51.21395757762428,54.29972894794534,3,30.606675470193075,3
NO_BRIDGE_CREDIT,RO-A1,CIRCULAR,51.53722217530864,47.51991845298346,63.82433760143465,51.21395757762428,53.52385895183776,5,17.56118039450944,5
NO_BRIDGE_CREDIT,RO-A1,DIGITAL,49.98213597774125,49.887986638175995,63.82433760143465,51.21395757762428,53.72710444874404,4,19.4485835013838,4
NO_BRIDGE_CREDIT,RO-A1,SOCIAL,49.315638535383236,48.36376793714125,63.82433760143465,51.21395757762428,53.17942541289585,6,7.05771165761145,6
NO_BRIDGE_CREDIT,RO-A1,INTEGRATED,60.81939582317627,51.87707050370161,63.82433760143465,51.21395757762428,56.93369037648421,1,100.0,1
NO_BRIDGE_CREDIT,RO-A2,ENERGY,60.838456761633815,47.95676928560044,63.84451561274076,51.6328411406855,56.068145700165125,2,72.34545434945477,2
NO_BRIDGE_CREDIT,RO-A2,MAINT,50.92194084944822,51.37356308609568,63.84451561274076,51.6328411406855,54.44321517224254,3,29.67374407034786,3
NO_BRIDGE_CREDIT,RO-A2,CIRCULAR,51.585510391975305,47.6253298638391,63.84451561274076,51.6328411406855,53.67204925231017,5,17.058069198213907,5
NO_BRIDGE_CREDIT,RO-A2,DIGITAL,50.03042419440792,49.96816761284365,63.84451561274076,51.6328411406855,53.86898714016946,4,18.75164432782255,4
NO_BRIDGE_CREDIT,RO-A2,SOCIAL,49.36392675204991,48.46824052915027,63.84451561274076,51.6328411406855,53.32738100865661,6,6.856387994583643,6
NO_BRIDGE_CREDIT,RO-A2,INTEGRATED,61.298496226983026,51.946297163517926,63.84451561274076,51.6328411406855,57.1805375359818,1,100.0,1
NO_BRIDGE_CREDIT,RO-A3,ENERGY,60.3332913563963,47.93990395143362,63.841316233119784,51.312518415991626,55.856757489235335,2,71.3563252656919,2
NO_BRIDGE_CREDIT,RO-A3,MAINT,50.88501456611488,51.373175288821834,63.841316233119784,51.312518415991626,54.35300612601203,3,30.397980222792963,3
NO_BRIDGE_CREDIT,RO-A3,CIRCULAR,51.548584108641975,47.610595769786045,63.841316233119784,51.312518415991626,53.57825363188486,5,17.47001181793489,5
NO_BRIDGE_CREDIT,RO-A3,DIGITAL,49.99349791107458,49.97284298424438,63.841316233119784,51.312518415991626,53.78004388610759,4,19.28909045347559,4
NO_BRIDGE_CREDIT,RO-A3,SOCIAL,49.32700046871658,48.45401755946619,63.841316233119784,51.312518415991626,53.23371316932354,6,7.0092824634400195,6
NO_BRIDGE_CREDIT,RO-A3,INTEGRATED,60.91141147240013,51.959865812768186,63.841316233119784,51.312518415991626,57.00627798356993,1,100.0,1
NO_BRIDGE_CREDIT,RO-A4,ENERGY,60.40488010843571,47.831315856816225,63.821031784991426,50.967555481705915,55.75619580798732,2,71.38609865087531,2
NO_BRIDGE_CREDIT,RO-A4,MAINT,50.84524779944822,51.28232788601888,63.821031784991426,50.967555481705915,54.22904073804111,3,30.335528996445905,3
NO_BRIDGE_CREDIT,RO-A4,CIRCULAR,51.50881734197531,47.50358801308226,63.821031784991426,50.967555481705915,53.45024815543873,5,17.343417716769135,5
NO_BRIDGE_CREDIT,RO-A4,DIGITAL,49.95373114440791,49.88666535597391,63.821031784991426,50.967555481705915,53.657245941769794,4,19.327136924232,4
NO_BRIDGE_CREDIT,RO-A4,SOCIAL,49.28723370204991,48.34827653864431,63.821031784991426,50.967555481705915,53.10602437684789,6,6.982872972313192,6
NO_BRIDGE_CREDIT,RO-A4,INTEGRATED,60.954918563835605,51.88228743749199,63.821031784991426,50.967555481705915,56.90644831700623,1,100.0,1
NO_BRIDGE_CREDIT,RO-A5,ENERGY,60.04801061207269,47.92483774218745,63.838392546652905,51.558920511909996,55.842540353205756,2,70.81387034420786,2
NO_BRIDGE_CREDIT,RO-A5,MAINT,50.91341939944822,51.34508525461547,63.838392546652905,51.558920511909996,54.41395442815665,3,30.812453035258002,3
NO_BRIDGE_CREDIT,RO-A5,CIRCULAR,51.57698894197531,47.59669094831649,63.838392546652905,51.558920511909996,53.642748237213674,5,17.777174463051985,5
NO_BRIDGE_CREDIT,RO-A5,DIGITAL,50.02190274440791,49.94342077808717,63.838392546652905,51.558920511909996,53.840659145264496,4,19.507050705314946,4
NO_BRIDGE_CREDIT,RO-A5,SOCIAL,49.3554053020499,48.436357569784136,63.838392546652905,51.558920511909996,53.297268982599235,6,7.098093237965472,6
NO_BRIDGE_CREDIT,RO-A5,INTEGRATED,60.70523603000018,51.92797038902443,63.838392546652905,51.558920511909996,57.00762986939688,1,100.0,1
NO_BRIDGE_CREDIT,RO-A6,ENERGY,60.34749377306297,47.889755316005186,63.831874619856016,51.43571946395081,55.876210793218746,2,71.36603578026558,2
NO_BRIDGE_CREDIT,RO-A6,MAINT,50.89921698278155,51.31642493682371,63.831874619856016,51.43571946395081,54.37080900085302,3,30.38528173193502,3
NO_BRIDGE_CREDIT,RO-A6,CIRCULAR,51.56278652530864,47.56148812881046,63.831874619856016,51.43571946395081,53.59796718448148,5,17.47173659547268,5
NO_BRIDGE_CREDIT,RO-A6,DIGITAL,50.00770032774125,49.915825951106086,63.831874619856016,51.43571946395081,53.797780090663544,4,19.25917500496598,4
NO_BRIDGE_CREDIT,RO-A6,SOCIAL,49.34120288538324,48.402440749523414,63.831874619856016,51.43571946395081,53.25280942967837,6,6.999178350220338,6
NO_BRIDGE_CREDIT,RO-A6,INTEGRATED,60.9256138890668,51.90235919675444,63.831874619856016,51.43571946395081,57.023891792407014,1,100.0,1
NO_BRIDGE_CREDIT,RO-A7,ENERGY,60.58240352153174,48.01171217285964,63.85469748176754,51.50964009272632,55.98961331722131,2,71.874481756732,2
NO_BRIDGE_CREDIT,RO-A7,MAINT,50.90773843278156,51.43472272254732,63.85469748176754,51.50964009272632,54.426699682455684,3,30.007289952222383,3
NO_BRIDGE_CREDIT,RO-A7,CIRCULAR,51.57130797530864,47.68210167202032,63.85469748176754,51.50964009272632,53.6544368054557,5,17.273669609912112,5
NO_BRIDGE_CREDIT,RO-A7,DIGITAL,50.01622177774125,50.032163595736165,63.85469748176754,51.50964009272632,53.85318073699282,4,18.992652019259538,4
NO_BRIDGE_CREDIT,RO-A7,SOCIAL,49.349724335383236,48.52397560519969,63.85469748176754,51.50964009272632,53.30950937876919,6,6.917877345633173,6
NO_BRIDGE_CREDIT,RO-A7,INTEGRATED,61.10343298377927,52.01532999758254,63.85469748176754,51.50964009272632,57.12077513896392,1,100.0,1
NO_BRIDGE_CREDIT,RO-A8,ENERGY,59.476814343457505,47.98145676248916,63.84088980244588,51.3617988351753,55.66523993589196,2,67.90598386065663,2
NO_BRIDGE_CREDIT,RO-A8,MAINT,50.89069553278155,51.39219771875758,63.84088980244588,51.3617988351753,54.371395472290075,3,30.701959935930912,3
NO_BRIDGE_CREDIT,RO-A8,CIRCULAR,51.55426507530864,47.80420164622783,63.84088980244588,51.3617988351753,53.64028883978941,5,18.16148056797033,5
NO_BRIDGE_CREDIT,RO-A8,DIGITAL,49.99917887774125,50.1324285630117,63.84088980244588,51.3617988351753,53.833574019593534,4,19.801690979542553,4
NO_BRIDGE_CREDIT,RO-A8,SOCIAL,49.33268143538324,48.46530289172819,63.84088980244588,51.3617988351753,53.250168241183154,6,5.750287189242115,6
NO_BRIDGE_CREDIT,RO-A8,INTEGRATED,60.2723536592601,52.35338558855179,63.84088980244588,51.3617988351753,56.95710697135827,1,100.0,1
