archetype,size_class,strategy,lambda_intensity,demand_load,demand_cv,oee,distance_mult,resource_mult,renewable_share,zC,zD,zS,stage,company_id,config_id,design_seed,lhs_min_distance,archetype_name,ref_output,demand_fu_y,headcount_ref,ref_energy_kwh_fu,ref_material_kg_fu,ref_cost_eur_fu,ref_distance_km,ref_waste_kg_fu,fuel_share_ref,complexity_index,safety_reference,annual_growth_ref,nominal_capacity_fu_y,n_process_steps
RO-A1,medium,BASE,0.0,1.0,0.175,0.7250000000000001,1.125,1.0,0.375,0.5,0.6,0.675,ANCHOR,RO-A1-C00,RO-A1-C00-BASE-L000,0,,Automotive component supplier,180000.0,180000.0,140.0,5.5,8.0,78.0,420.0,0.18,0.12,0.72,0.42,0.022,230400.0,6.0
RO-A1,medium,ENERGY,0.5,1.0,0.175,0.7250000000000001,1.125,1.0,0.375,0.5,0.6,0.675,ANCHOR,RO-A1-C00,RO-A1-C00-ENERGY-L050,0,,Automotive component supplier,180000.0,180000.0,140.0,5.5,8.0,78.0,420.0,0.18,0.12,0.72,0.42,0.022,230400.0,6.0
RO-A1,medium,MAINT,0.5,1.0,0.175,0.7250000000000001,1.125,1.0,0.375,0.5,0.6,0.675,ANCHOR,RO-A1-C00,RO-A1-C00-MAINT-L050,0,,Automotive component supplier,180000.0,180000.0,140.0,5.5,8.0,78.0,420.0,0.18,0.12,0.72,0.42,0.022,230400.0,6.0
RO-A1,medium,CIRCULAR,0.5,1.0,0.175,0.7250000000000001,1.125,1.0,0.375,0.5,0.6,0.675,ANCHOR,RO-A1-C00,RO-A1-C00-CIRCULAR-L050,0,,Automotive component supplier,180000.0,180000.0,140.0,5.5,8.0,78.0,420.0,0.18,0.12,0.72,0.42,0.022,230400.0,6.0
RO-A1,medium,DIGITAL,0.5,1.0,0.175,0.7250000000000001,1.125,1.0,0.375,0.5,0.6,0.675,ANCHOR,RO-A1-C00,RO-A1-C00-DIGITAL-L050,0,,Automotive component supplier,180000.0,180000.0,140.0,5.5,8.0,78.0,420.0,0.18,0.12,0.72,0.42,0.022,230400.0,6.0
RO-A1,medium,SOCIAL,0.5,1.0,0.175,0.7250000000000001,1.125,1.0,0.375,0.5,0.6,0.675,ANCHOR,RO-A1-C00,RO-A1-C00-SOCIAL-L050,0,,Automotive component supplier,180000.0,180000.0,140.0,5.5,8.0,78.0,420.0,0.18,0.12,0.72,0.42,0.022,230400.0,6.0
RO-A1,medium,INTEGRATED,0.5,1.0,0.175,0.7250000000000001,1.125,1.0,0.375,0.5,0.6,0.675,ANCHOR,RO-A1-C00,RO-A1-C00-INTEGRATED-L050,0,,Automotive component supplier,180000.0,180000.0,140.0,5.5,8.0,78.0,420.0,0.18,0.12,0.72,0.42,0.022,230400.0,6.0
RO-A2,medium,BASE,0.0,1.0,0.175,0.7250000000000001,1.125,1.0,0.375,0.5,0.6,0.675,ANCHOR,RO-A2-C00,RO-A2-C00-BASE-L000,0,,Electrical/electromechanical and cable-assembly manufacturer,170000.0,170000.0,140.0,0.18,0.11,6.5,1100.0,0.014,0.02,0.55,0.28,0.02,217600.0,6.0
RO-A2,medium,ENERGY,0.5,1.0,0.175,0.7250000000000001,1.125,1.0,0.375,0.5,0.6,0.675,ANCHOR,RO-A2-C00,RO-A2-C00-ENERGY-L050,0,,Electrical/electromechanical and cable-assembly manufacturer,170000.0,170000.0,140.0,0.18,0.11,6.5,1100.0,0.014,0.02,0.55,0.28,0.02,217600.0,6.0
RO-A2,medium,MAINT,0.5,1.0,0.175,0.7250000000000001,1.125,1.0,0.375,0.5,0.6,0.675,ANCHOR,RO-A2-C00,RO-A2-C00-MAINT-L050,0,,Electrical/electromechanical and cable-assembly manufacturer,170000.0,170000.0,140.0,0.18,0.11,6.5,1100.0,0.014,0.02,0.55,0.28,0.02,217600.0,6.0
RO-A2,medium,CIRCULAR,0.5,1.0,0.175,0.7250000000000001,1.125,1.0,0.375,0.5,0.6,0.675,ANCHOR,RO-A2-C00,RO-A2-C00-CIRCULAR-L050,0,,Electrical/electromechanical and cable-assembly manufacturer,170000.0,170000.0,140.0,0.18,0.11,6.5,1100.0,0.014,0.02,0.55,0.28,0.02,217600.0,6.0
RO-A2,medium,DIGITAL,0.5,1.0,0.175,0.7250000000000001,1.125,1.0,0.375,0.5,0.6,0.675,ANCHOR,RO-A2-C00,RO-A2-C00-DIGITAL-L050,0,,Electrical/electromechanical and cable-assembly manufacturer,170000.0,170000.0,140.0,0.18,0.11,6.5,1100.0,0.014,0.02,0.55,0.28,0.02,217600.0,6.0
RO-A2,medium,SOCIAL,0.5,1.0,0.175,0.7250000000000001,1.125,1.0,0.375,0.5,0.6,0.675,ANCHOR,RO-A2-C00,RO-A2-C00-SOCIAL-L050,0,,Electrical/electromechanical and cable-assembly manufacturer,170000.0,170000.0,140.0,0.18,0.11,6.5,1100.0,0.014,0.02,0.55,0.28,0.02,217600.0,6.0
RO-A2,medium,INTEGRATED,0.5,1.0,0.175,0.7250000000000001,1.125,1.0,0.375,0.5,0.6,0.675,ANCHOR,RO-A2-C00,RO-A2-C00-INTEGRATED-L050,0,,Electrical/electromechanical and cable-assembly manufacturer,170000.0,170000.0,140.0,0.18,0.11,6.5,1100.0,0.014,0.02,0.55,0.28,0.02,217600.0,6.0
RO-A3,medium,BASE,0.0,1.0,0.175,0.7250000000000001,1.125,1.0,0.375,0.5,0.6,0.675,ANCHOR,RO-A3-C00,RO-A3-C00-BASE-L000,0,,Fabricated metal products and machining SME,60000.0,60000.0,140.0,11.0,17.0,135.0,360.0,0.55,0.1,0.68,0.48,0.018,76800.0,6.0
RO-A3,medium,ENERGY,0.5,1.0,0.175,0.7250000000000001,1.125,1.0,0.375,0.5,0.6,0.675,ANCHOR,RO-A3-C00,RO-A3-C00-ENERGY-L050,0,,Fabricated metal products and machining SME,60000.0,60000.0,140.0,11.0,17.0,135.0,360.0,0.55,0.1,0.68,0.48,0.018,76800.0,6.0
RO-A3,medium,MAINT,0.5,1.0,0.175,0.7250000000000001,1.125,1.0,0.375,0.5,0.6,0.675,ANCHOR,RO-A3-C00,RO-A3-C00-MAINT-L050,0,,Fabricated metal products and machining SME,60000.0,60000.0,140.0,11.0,17.0,135.0,360.0,0.55,0.1,0.68,0.48,0.018,76800.0,6.0
RO-A3,medium,CIRCULAR,0.5,1.0,0.175,0.7250000000000001,1.125,1.0,0.375,0.5,0.6,0.675,ANCHOR,RO-A3-C00,RO-A3-C00-CIRCULAR-L050,0,,Fabricated metal products and machining SME,60000.0,60000.0,140.0,11.0,17.0,135.0,360.0,0.55,0.1,0.68,0.48,0.018,76800.0,6.0
RO-A3,medium,DIGITAL,0.5,1.0,0.175,0.7250000000000001,1.125,1.0,0.375,0.5,0.6,0.675,ANCHOR,RO-A3-C00,RO-A3-C00-DIGITAL-L050,0,,Fabricated metal products and machining SME,60000.0,60000.0,140.0,11.0,17.0,135.0,360.0,0.55,0.1,0.68,0.48,0.018,76800.0,6.0
RO-A3,medium,SOCIAL,0.5,1.0,0.175,0.7250000000000001,1.125,1.0,0.375,0.5,0.6,0.675,ANCHOR,RO-A3-C00,RO-A3-C00-SOCIAL-L050,0,,Fabricated metal products and machining SME,60000.0,60000.0,140.0,11.0,17.0,135.0,360.0,0.55,0.1,0.68,0.48,0.018,76800.0,6.0
RO-A3,medium,INTEGRATED,0.5,1.0,0.175,0.7250000000000001,1.125,1.0,0.375,0.5,0.6,0.675,ANCHOR,RO-A3-C00,RO-A3-C00-INTEGRATED-L050,0,,Fabricated metal products and machining SME,60000.0,60000.0,140.0,11.0,17.0,135.0,360.0,0.55,0.1,0.68,0.48,0.018,76800.0,6.0
RO-A4,medium,BASE,0.0,1.0,0.175,0.7250000000000001,1.125,1.0,0.375,0.5,0.6,0.675,ANCHOR,RO-A4-C00,RO-A4-C00-BASE-L000,0,,Industrial machinery and equipment manufacturer,15000.0,15000.0,140.0,24.0,52.0,620.0,620.0,1.2,0.08,0.82,0.45,0.018,19200.0,6.0
RO-A4,medium,ENERGY,0.5,1.0,0.175,0.7250000000000001,1.125,1.0,0.375,0.5,0.6,0.675,ANCHOR,RO-A4-C00,RO-A4-C00-ENERGY-L050,0,,Industrial machinery and equipment manufacturer,15000.0,15000.0,140.0,24.0,52.0,620.0,620.0,1.2,0.08,0.82,0.45,0.018,19200.0,6.0
RO-A4,medium,MAINT,0.5,1.0,0.175,0.7250000000000001,1.125,1.0,0.375,0.5,0.6,0.675,ANCHOR,RO-A4-C00,RO-A4-C00-MAINT-L050,0,,Industrial machinery and equipment manufacturer,15000.0,15000.0,140.0,24.0,52.0,620.0,620.0,1.2,0.08,0.82,0.45,0.018,19200.0,6.0
RO-A4,medium,CIRCULAR,0.5,1.0,0.175,0.7250000000000001,1.125,1.0,0.375,0.5,0.6,0.675,ANCHOR,RO-A4-C00,RO-A4-C00-CIRCULAR-L050,0,,Industrial machinery and equipment manufacturer,15000.0,15000.0,140.0,24.0,52.0,620.0,620.0,1.2,0.08,0.82,0.45,0.018,19200.0,6.0
RO-A4,medium,DIGITAL,0.5,1.0,0.175,0.7250000000000001,1.125,1.0,0.375,0.5,0.6,0.675,ANCHOR,RO-A4-C00,RO-A4-C00-DIGITAL-L050,0,,Industrial machinery and equipment manufacturer,15000.0,15000.0,140.0,24.0,52.0,620.0,620.0,1.2,0.08,0.82,0.45,0.018,19200.0,6.0
RO-A4,medium,SOCIAL,0.5,1.0,0.175,0.7250000000000001,1.125,1.0,0.375,0.5,0.6,0.675,ANCHOR,RO-A4-C00,RO-A4-C00-SOCIAL-L050,0,,Industrial machinery and equipment manufacturer,15000.0,15000.0,140.0,24.0,52.0,620.0,620.0,1.2,0.08,0.82,0.45,0.018,19200.0,6.0
RO-A4,medium,INTEGRATED,0.5,1.0,0.175,0.7250000000000001,1.125,1.0,0.375,0.5,0.6,0.675,ANCHOR,RO-A4-C00,RO-A4-C00-INTEGRATED-L050,0,,Industrial machinery and equipment manufacturer,15000.0,15000.0,140.0,24.0,52.0,620.0,620.0,1.2,0.08,0.82,0.45,0.018,19200.0,6.0
RO-A5,medium,BASE,0.0,1.0,0.175,0.7250000000000001,1.125,1.0,0.375,0.5,0.6,0.675,ANCHOR,RO-A5-C00,RO-A5-C00-BASE-L000,0,,Food-processing company,520000.0,520000.0,140.0,0.9,1.15,2.7,250.0,0.035,0.16,0.58,0.35,0.025,665600.0,6.0
RO-A5,medium,ENERGY,0.5,1.0,0.175,0.7250000000000001,1.125,1.0,0.375,0.5,0.6,0.675,ANCHOR,RO-A5-C00,RO-A5-C00-ENERGY-L050,0,,Food-processing company,520000.0,520000.0,140.0,0.9,1.15,2.7,250.0,0.035,0.16,0.58,0.35,0.025,665600.0,6.0
RO-A5,medium,MAINT,0.5,1.0,0.175,0.7250000000000001,1.125,1.0,0.375,0.5,0.6,0.675,ANCHOR,RO-A5-C00,RO-A5-C00-MAINT-L050,0,,Food-processing company,520000.0,520000.0,140.0,0.9,1.15,2.7,250.0,0.035,0.16,0.58,0.35,0.025,665600.0,6.0
RO-A5,medium,CIRCULAR,0.5,1.0,0.175,0.7250000000000001,1.125,1.0,0.375,0.5,0.6,0.675,ANCHOR,RO-A5-C00,RO-A5-C00-CIRCULAR-L050,0,,Food-processing company,520000.0,520000.0,140.0,0.9,1.15,2.7,250.0,0.035,0.16,0.58,0.35,0.025,665600.0,6.0
RO-A5,medium,DIGITAL,0.5,1.0,0.175,0.7250000000000001,1.125,1.0,0.375,0.5,0.6,0.675,ANCHOR,RO-A5-C00,RO-A5-C00-DIGITAL-L050,0,,Food-processing company,520000.0,520000.0,140.0,0.9,1.15,2.7,250.0,0.035,0.16,0.58,0.35,0.025,665600.0,6.0
RO-A5,medium,SOCIAL,0.5,1.0,0.175,0.7250000000000001,1.125,1.0,0.375,0.5,0.6,0.675,ANCHOR,RO-A5-C00,RO-A5-C00-SOCIAL-L050,0,,Food-processing company,520000.0,520000.0,140.0,0.9,1.15,2.7,250.0,0.035,0.16,0.58,0.35,0.025,665600.0,6.0
RO-A5,medium,INTEGRATED,0.5,1.0,0.175,0.7250000000000001,1.125,1.0,0.375,0.5,0.6,0.675,ANCHOR,RO-A5-C00,RO-A5-C00-INTEGRATED-L050,0,,Food-processing company,520000.0,520000.0,140.0,0.9,1.15,2.7,250.0,0.035,0.16,0.58,0.35,0.025,665600.0,6.0
RO-A6,medium,BASE,0.0,1.0,0.175,0.7250000000000001,1.125,1.0,0.375,0.5,0.6,0.675,ANCHOR,RO-A6-C00,RO-A6-C00-BASE-L000,0,,Wood-products and furniture manufacturer,65000.0,65000.0,140.0,8.5,21.0,118.0,500.0,2.5,0.1,0.63,0.5,0.017,83200.0,6.0
RO-A6,medium,ENERGY,0.5,1.0,0.175,0.7250000000000001,1.125,1.0,0.375,0.5,0.6,0.675,ANCHOR,RO-A6-C00,RO-A6-C00-ENERGY-L050,0,,Wood-products and furniture manufacturer,65000.0,65000.0,140.0,8.5,21.0,118.0,500.0,2.5,0.1,0.63,0.5,0.017,83200.0,6.0
RO-A6,medium,MAINT,0.5,1.0,0.175,0.7250000000000001,1.125,1.0,0.375,0.5,0.6,0.675,ANCHOR,RO-A6-C00,RO-A6-C00-MAINT-L050,0,,Wood-products and furniture manufacturer,65000.0,65000.0,140.0,8.5,21.0,118.0,500.0,2.5,0.1,0.63,0.5,0.017,83200.0,6.0
RO-A6,medium,CIRCULAR,0.5,1.0,0.175,0.7250000000000001,1.125,1.0,0.375,0.5,0.6,0.675,ANCHOR,RO-A6-C00,RO-A6-C00-CIRCULAR-L050,0,,Wood-products and furniture manufacturer,65000.0,65000.0,140.0,8.5,21.0,118.0,500.0,2.5,0.1,0.63,0.5,0.017,83200.0,6.0
RO-A6,medium,DIGITAL,0.5,1.0,0.175,0.7250000000000001,1.125,1.0,0.375,0.5,0.6,0.675,ANCHOR,RO-A6-C00,RO-A6-C00-DIGITAL-L050,0,,Wood-products and furniture manufacturer,65000.0,65000.0,140.0,8.5,21.0,118.0,500.0,2.5,0.1,0.63,0.5,0.017,83200.0,6.0
RO-A6,medium,SOCIAL,0.5,1.0,0.175,0.7250000000000001,1.125,1.0,0.375,0.5,0.6,0.675,ANCHOR,RO-A6-C00,RO-A6-C00-SOCIAL-L050,0,,Wood-products and furniture manufacturer,65000.0,65000.0,140.0,8.5,21.0,118.0,500.0,2.5,0.1,0.63,0.5,0.017,83200.0,6.0
RO-A6,medium,INTEGRATED,0.5,1.0,0.175,0.7250000000000001,1.125,1.0,0.375,0.5,0.6,0.675,ANCHOR,RO-A6-C00,RO-A6-C00-INTEGRATED-L050,0,,Wood-products and furniture manufacturer,65000.0,65000.0,140.0,8.5,21.0,118.0,500.0,2.5,0.1,0.63,0.5,0.017,83200.0,6.0
RO-A7,medium,BASE,0.0,1.0,0.175,0.7250000000000001,1.125,1.0,0.375,0.5,0.6,0.675,ANCHOR,RO-A7-C00,RO-A7-C00-BASE-L000,0,,Rubber and plastics processor,160000.0,160000.0,140.0,4.8,2.7,19.0,410.0,0.12,0.06,0.6,0.4,0.021,204800.0,6.0
RO-A7,medium,ENERGY,0.5,1.0,0.175,0.7250000000000001,1.125,1.0,0.375,0.5,0.6,0.675,ANCHOR,RO-A7-C00,RO-A7-C00-ENERGY-L050,0,,Rubber and plastics processor,160000.0,160000.0,140.0,4.8,2.7,19.0,410.0,0.12,0.06,0.6,0.4,0.021,204800.0,6.0
RO-A7,medium,MAINT,0.5,1.0,0.175,0.7250000000000001,1.125,1.0,0.375,0.5,0.6,0.675,ANCHOR,RO-A7-C00,RO-A7-C00-MAINT-L050,0,,Rubber and plastics processor,160000.0,160000.0,140.0,4.8,2.7,19.0,410.0,0.12,0.06,0.6,0.4,0.021,204800.0,6.0
RO-A7,medium,CIRCULAR,0.5,1.0,0.175,0.7250000000000001,1.125,1.0,0.375,0.5,0.6,0.675,ANCHOR,RO-A7-C00,RO-A7-C00-CIRCULAR-L050,0,,Rubber and plastics processor,160000.0,160000.0,140.0,4.8,2.7,19.0,410.0,0.12,0.06,0.6,0.4,0.021,204800.0,6.0
RO-A7,medium,DIGITAL,0.5,1.0,0.175,0.7250000000000001,1.125,1.0,0.375,0.5,0.6,0.675,ANCHOR,RO-A7-C00,RO-A7-C00-DIGITAL-L050,0,,Rubber and plastics processor,160000.0,160000.0,140.0,4.8,2.7,19.0,410.0,0.12,0.06,0.6,0.4,0.021,204800.0,6.0
RO-A7,medium,SOCIAL,0.5,1.0,0.175,0.7250000000000001,1.125,1.0,0.375,0.5,0.6,0.675,ANCHOR,RO-A7-C00,RO-A7-C00-SOCIAL-L050,0,,Rubber and plastics processor,160000.0,160000.0,140.0,4.8,2.7,19.0,410.0,0.12,0.06,0.6,0.4,0.021,204800.0,6.0
RO-A7,medium,INTEGRATED,0.5,1.0,0.175,0.7250000000000001,1.125,1.0,0.375,0.5,0.6,0.675,ANCHOR,RO-A7-C00,RO-A7-C00-INTEGRATED-L050,0,,Rubber and plastics processor,160000.0,160000.0,140.0,4.8,2.7,19.0,410.0,0.12,0.06,0.6,0.4,0.021,204800.0,6.0
RO-A8,medium,BASE,0.0,1.0,0.175,0.7250000000000001,1.125,1.0,0.375,0.5,0.6,0.675,ANCHOR,RO-A8-C00,RO-A8-C00-BASE-L000,0,,Non-metallic mineral/construction-material producer,300000.0,300000.0,140.0,34.0,1050.0,23.0,180.0,18.0,0.28,0.66,0.58,0.015,384000.0,6.0
RO-A8,medium,ENERGY,0.5,1.0,0.175,0.7250000000000001,1.125,1.0,0.375,0.5,0.6,0.675,ANCHOR,RO-A8-C00,RO-A8-C00-ENERGY-L050,0,,Non-metallic mineral/construction-material producer,300000.0,300000.0,140.0,34.0,1050.0,23.0,180.0,18.0,0.28,0.66,0.58,0.015,384000.0,6.0
RO-A8,medium,MAINT,0.5,1.0,0.175,0.7250000000000001,1.125,1.0,0.375,0.5,0.6,0.675,ANCHOR,RO-A8-C00,RO-A8-C00-MAINT-L050,0,,Non-metallic mineral/construction-material producer,300000.0,300000.0,140.0,34.0,1050.0,23.0,180.0,18.0,0.28,0.66,0.58,0.015,384000.0,6.0
RO-A8,medium,CIRCULAR,0.5,1.0,0.175,0.7250000000000001,1.125,1.0,0.375,0.5,0.6,0.675,ANCHOR,RO-A8-C00,RO-A8-C00-CIRCULAR-L050,0,,Non-metallic mineral/construction-material producer,300000.0,300000.0,140.0,34.0,1050.0,23.0,180.0,18.0,0.28,0.66,0.58,0.015,384000.0,6.0
RO-A8,medium,DIGITAL,0.5,1.0,0.175,0.7250000000000001,1.125,1.0,0.375,0.5,0.6,0.675,ANCHOR,RO-A8-C00,RO-A8-C00-DIGITAL-L050,0,,Non-metallic mineral/construction-material producer,300000.0,300000.0,140.0,34.0,1050.0,23.0,180.0,18.0,0.28,0.66,0.58,0.015,384000.0,6.0
RO-A8,medium,SOCIAL,0.5,1.0,0.175,0.7250000000000001,1.125,1.0,0.375,0.5,0.6,0.675,ANCHOR,RO-A8-C00,RO-A8-C00-SOCIAL-L050,0,,Non-metallic mineral/construction-material producer,300000.0,300000.0,140.0,34.0,1050.0,23.0,180.0,18.0,0.28,0.66,0.58,0.015,384000.0,6.0
RO-A8,medium,INTEGRATED,0.5,1.0,0.175,0.7250000000000001,1.125,1.0,0.375,0.5,0.6,0.675,ANCHOR,RO-A8-C00,RO-A8-C00-INTEGRATED-L050,0,,Non-metallic mineral/construction-material producer,300000.0,300000.0,140.0,34.0,1050.0,23.0,180.0,18.0,0.28,0.66,0.58,0.015,384000.0,6.0
RO-A1,large,ENERGY,0.7037595515333583,0.8259992024005277,0.279555625104123,0.8884282664931179,0.7856490950900363,1.2091680170837293,0.021654124504926382,0.49533295370632546,0.3804128208972011,0.48926506399700576,LHS_TRAIN,RO-A1-C01,RO-A1-C01-ENERGY-L070,8132026,0.9894591952490087,Automotive component supplier,396000.00000000006,327095.684150609,697.8387661982083,5.5,8.0,72.54,420.0,0.18,0.12,0.72,0.42,0.022,555434.8405554998,6.0
RO-A1,small,DIGITAL,0.41521900551752783,0.966681894622445,0.05460623190412027,0.768981918765862,1.331714829575576,0.7662706716369311,0.1769826481581252,0.8093252298550192,0.25361789900117965,0.568130704691329,LHS_TRAIN,RO-A1-C02,RO-A1-C02-DIGITAL-L042,8132026,0.9894591952490087,Automotive component supplier,81000.0,78301.23346441805,31.049164725163976,5.5,8.0,84.24000000000001,420.0,0.18,0.12,0.72,0.42,0.022,106464.57954264792,6.0
RO-A1,medium,ENERGY,0.36490643337315765,1.0633268135688387,0.22063001548236788,0.5785876369459212,1.463163762872754,0.8708792741206632,0.569018066468221,0.8584561680548272,0.556371993905189,0.7096664942972695,LHS_TRAIN,RO-A1-C03,RO-A1-C03-ENERGY-L036,8132026,0.9894591952490087,Automotive component supplier,180000.0,191398.82644239097,140.0,5.5,8.0,78.0,420.0,0.18,0.12,0.72,0.42,0.022,208159.62129074006,6.0
RO-A1,small,MAINT,0.4957693655625098,0.8926401713887827,0.19005629231220517,0.5949328018628772,0.9032897245629186,1.1663713253645402,0.403045508691472,0.702440458886523,0.408298639257216,0.7469281816950513,LHS_TRAIN,RO-A1-C04,RO-A1-C04-MAINT-L050,8132026,0.9894591952490087,Automotive component supplier,81000.0,72303.8538824914,31.049164725163976,5.5,8.0,84.24000000000001,420.0,0.18,0.12,0.72,0.42,0.022,94853.51890952751,6.0
RO-A1,small,INTEGRATED,0.9939406919806413,1.0850551613201627,0.16122249538932493,0.8069524563024406,1.22002039060289,1.0725392518962504,0.6585703071282629,0.24115972017686996,0.517097576200393,0.9076119329661823,LHS_TRAIN,RO-A1-C05,RO-A1-C05-INTEGRATED-L099,8132026,0.9894591952490087,Automotive component supplier,81000.0,87889.46806693317,31.049164725163976,5.5,8.0,84.24000000000001,420.0,0.18,0.12,0.72,0.42,0.022,108798.88938424476,6.0
RO-A1,medium,CIRCULAR,0.6987479258522984,1.1454402547506626,0.23373252196373828,0.7218461248980488,1.0559066056596191,0.9049001929491904,0.7218947160747939,0.6048731246900763,0.6305401035623182,0.5149127313143684,LHS_TRAIN,RO-A1-C06,RO-A1-C06-CIRCULAR-L070,8132026,0.9894591952490087,Automotive component supplier,180000.0,206179.24585511925,140.0,5.5,8.0,78.0,420.0,0.18,0.12,0.72,0.42,0.022,229948.4333323492,6.0
RO-A1,large,BASE,0.0,1.1826418433783177,0.10859412327766932,0.8523255386801699,1.1311296294722595,1.0251100104398008,0.34371987349387545,0.26146002408081614,0.8038523679653541,0.8798006138311578,LHS_TRAIN,RO-A1-C07,RO-A1-C07-BASE-L000,8132026,0.9894591952490087,Automotive component supplier,396000.00000000006,468326.16997781384,697.8387661982083,5.5,8.0,72.54,420.0,0.18,0.12,0.72,0.42,0.022,545161.9400204204,6.0
RO-A1,medium,MAINT,0.840861742010979,1.0180137796285673,0.1370361912127417,0.6743593308689748,0.98196793235627,1.1147171573087606,0.07754237975959397,0.1436304221409736,0.946091694385296,0.4279314419836552,LHS_TRAIN,RO-A1-C08,RO-A1-C08-MAINT-L084,8132026,0.9894591952490087,Automotive component supplier,180000.0,183242.48033314213,140.0,5.5,8.0,78.0,420.0,0.18,0.12,0.72,0.42,0.022,223013.67210142867,6.0
RO-A1,small,SOCIAL,0.9077205170495823,0.8633361421223711,0.2596327470752526,0.7536910950843061,0.8513973364281684,0.9822146277425694,0.49733390222772544,0.4192407615626662,0.8452394753512442,0.6415056306161533,LHS_TRAIN,RO-A1-C09,RO-A1-C09-SOCIAL-L091,8132026,0.9894591952490087,Automotive component supplier,81000.0,69930.22751191206,31.049164725163976,5.5,8.0,84.24000000000001,420.0,0.18,0.12,0.72,0.42,0.022,105506.66814133835,6.0
RO-A1,large,BASE,0.0,0.9377496295896217,0.07517338098289922,0.6548113067506883,1.3797321019655149,0.8382318901405111,0.2580088855206091,0.5457733715854383,0.7184576809210681,0.8292608872407002,LHS_TRAIN,RO-A1-C10,RO-A1-C10-BASE-L000,8132026,0.9894591952490087,Automotive component supplier,396000.00000000006,371348.85331749025,697.8387661982083,5.5,8.0,72.54,420.0,0.18,0.12,0.72,0.42,0.022,484178.3087003059,6.0
RO-A2,large,ENERGY,0.45505982989179544,1.0279019903159943,0.2621119295020332,0.6055163832775795,0.7850629356636929,1.1654754669991714,0.3813188628756656,0.45211210172407157,0.3408354199815157,0.6026811701948668,LHS_TRAIN,RO-A2-C01,RO-A2-C01-ENERGY-L046,8132027,1.00353445586826,Electrical/electromechanical and cable-assembly manufacturer,374000.00000000006,384435.3443781819,697.8387661982083,0.18,0.11,6.045,1100.0,0.014,0.02,0.55,0.28,0.02,441454.67778010026,6.0
RO-A2,large,SOCIAL,0.5661923902039214,1.191613201974027,0.10072346900369619,0.7710423743782637,1.3549005272814494,1.2479335894893977,0.23408339964364971,0.41678710546746944,0.9003114332682022,0.6313954651475961,LHS_TRAIN,RO-A2-C02,RO-A2-C02-SOCIAL-L057,8132027,1.00353445586826,Electrical/electromechanical and cable-assembly manufacturer,374000.00000000006,445663.3375382862,697.8387661982083,0.18,0.11,6.045,1100.0,0.014,0.02,0.55,0.28,0.02,492169.4807345156,6.0
RO-A2,small,MAINT,0.9023635013376274,0.9910341747829541,0.177715598920261,0.6519002809129418,0.843858464470814,0.9796691785412539,0.7120050006911436,0.7435776924708897,0.852143975462761,0.7405195484191467,LHS_TRAIN,RO-A2-C03,RO-A2-C03-MAINT-L090,8132027,1.00353445586826,Electrical/electromechanical and cable-assembly manufacturer,76500.0,75814.11437089599,31.049164725163976,0.18,0.11,7.0200000000000005,1100.0,0.014,0.02,0.55,0.28,0.02,93347.09939654655,6.0
RO-A2,small,MAINT,0.273733217205388,0.9519934158484267,0.14170398528080827,0.5849296841192725,0.9599238252799183,0.8821636852981891,0.6179393854576876,0.5348083148046734,0.5002608785404545,0.939318853339388,LHS_TRAIN,RO-A2-C04,RO-A2-C04-MAINT-L027,8132027,1.00353445586826,Electrical/electromechanical and cable-assembly manufacturer,76500.0,72827.49631240463,31.049164725163976,0.18,0.11,7.0200000000000005,1100.0,0.014,0.02,0.55,0.28,0.02,88902.90444812938,6.0
RO-A2,large,DIGITAL,0.8424348371585824,1.1567749889538996,0.2340699272954994,0.8877722212460805,1.4974072706306203,1.092980968982919,0.21740502833462144,0.17252978720709944,0.6355194113183633,0.8714164374050885,LHS_TRAIN,RO-A2-C05,RO-A2-C05-DIGITAL-L084,8132027,1.00353445586826,Electrical/electromechanical and cable-assembly manufacturer,374000.00000000006,432633.8458687585,697.8387661982083,0.18,0.11,6.045,1100.0,0.014,0.02,0.55,0.28,0.02,524402.9995184357,6.0
RO-A2,medium,ENERGY,0.9765805854604441,0.8665251900722698,0.06642335175736201,0.804974680405494,1.1112572035925337,1.1460913365485172,0.4696686339395358,0.6520049897087652,0.6824693466461622,0.5221743108747725,LHS_TRAIN,RO-A2-C06,RO-A2-C06-ENERGY-L098,8132027,1.00353445586826,Electrical/electromechanical and cable-assembly manufacturer,170000.0,147309.28231228585,140.0,0.18,0.11,6.5,1100.0,0.014,0.02,0.55,0.28,0.02,228091.3350589027,6.0
RO-A2,medium,CIRCULAR,0.3307944973493905,1.076871233970748,0.1592792049576825,0.7567891146359526,1.0376188984229033,1.0168404288842412,0.5442961209739452,0.19224357679172685,0.7598216775814797,0.46912664325473996,LHS_TRAIN,RO-A2-C07,RO-A2-C07-CIRCULAR-L033,8132027,1.00353445586826,Electrical/electromechanical and cable-assembly manufacturer,170000.0,183068.10977502717,140.0,0.18,0.11,6.5,1100.0,0.014,0.02,0.55,0.28,0.02,221842.8738207013,6.0
RO-A2,small,BASE,0.0,1.0862541495550098,0.09172439664499338,0.8453537456167242,1.1724320526133667,0.8193020213520245,0.00971443423499043,0.7167038136415423,0.5553881047369873,0.8025109861487979,LHS_TRAIN,RO-A2-C08,RO-A2-C08-BASE-L000,8132027,1.00353445586826,Electrical/electromechanical and cable-assembly manufacturer,76500.0,83098.44244095824,31.049164725163976,0.18,0.11,7.0200000000000005,1100.0,0.014,0.02,0.55,0.28,0.02,104926.84596060275,6.0
RO-A2,medium,BASE,0.0,0.9112605640837393,0.21959022223827673,0.6811920642198284,1.2767171120366512,0.7649215303996263,0.3631412984814911,0.8740320769902913,0.39648844679926054,0.43643329428998207,LHS_TRAIN,RO-A2-C09,RO-A2-C09-BASE-L000,8132027,1.00353445586826,Electrical/electromechanical and cable-assembly manufacturer,170000.0,154914.2958942357,140.0,0.18,0.11,6.5,1100.0,0.014,0.02,0.55,0.28,0.02,211581.69842186448,6.0
RO-A2,small,INTEGRATED,0.7103519416654756,0.8025095862197625,0.28614454642012427,0.7165197384735171,1.236282194503576,0.9219983343976423,0.13230496734405306,0.29894663178648906,0.27401268511239885,0.7255083146903681,LHS_TRAIN,RO-A2-C10,RO-A2-C10-INTEGRATED-L071,8132027,1.00353445586826,Electrical/electromechanical and cable-assembly manufacturer,76500.0,61391.98334581184,31.049164725163976,0.18,0.11,7.0200000000000005,1100.0,0.014,0.02,0.55,0.28,0.02,97402.91925217329,6.0
RO-A3,medium,MAINT,0.6953749144966017,1.0391317665702458,0.24417237666901048,0.5623340976734402,1.0758877412376782,1.160333594227105,0.3960391612596812,0.38885607291337854,0.8258044076531881,0.4754937424240595,LHS_TRAIN,RO-A3-C01,RO-A3-C01-MAINT-L070,8132028,0.9262788599978287,Fabricated metal products and machining SME,60000.0,62347.90599421474,140.0,11.0,17.0,135.0,360.0,0.55,0.1,0.68,0.48,0.018,68502.52900495044,6.0
RO-A3,medium,BASE,0.0,1.1183188890665654,0.20954873737194524,0.7343213934989383,1.49983654939275,0.7601841215519292,0.7456409703607585,0.6181594136377585,0.35516651024788115,0.43580845008564806,LHS_TRAIN,RO-A3-C02,RO-A3-C02-BASE-L000,8132028,0.9262788599978287,Fabricated metal products and machining SME,60000.0,67099.13334399392,140.0,11.0,17.0,135.0,360.0,0.55,0.1,0.68,0.48,0.018,77242.78047921343,6.0
RO-A3,medium,BASE,0.0,0.975680799112565,0.10484456266124029,0.6682213866599914,0.7777621245413469,1.0922867124987914,0.13789686061287804,0.5669597969660469,0.41278680873038837,0.8907125712679779,LHS_TRAIN,RO-A3-C03,RO-A3-C03-BASE-L000,8132028,0.9262788599978287,Fabricated metal products and machining SME,60000.0,58540.8479467539,140.0,11.0,17.0,135.0,360.0,0.55,0.1,0.68,0.48,0.018,74032.64810916872,6.0
RO-A3,large,INTEGRATED,0.8901423834624507,1.1344449266607712,0.18758006760004675,0.8604428848684154,0.9745933732719806,0.9941274530749985,0.23268915950873828,0.18489868896778916,0.7529238283422972,0.5172849161800158,LHS_TRAIN,RO-A3-C04,RO-A3-C04-INTEGRATED-L089,8132028,0.9262788599978287,Fabricated metal products and machining SME,132000.0,149746.7303192218,697.8387661982083,11.0,17.0,125.55000000000001,360.0,0.55,0.1,0.68,0.48,0.018,182497.4158919132,6.0
RO-A3,small,MAINT,0.3960158258923008,0.908048165745403,0.06328726855007334,0.7205095126310711,1.0003233208048465,1.048908020425619,0.45691725439044223,0.7382286600028557,0.689559315001877,0.5983286007142986,LHS_TRAIN,RO-A3-C05,RO-A3-C05-MAINT-L040,8132028,0.9262788599978287,Fabricated metal products and machining SME,27000.0,24517.30047512588,31.049164725163976,11.0,17.0,145.8,360.0,0.55,0.1,0.68,0.48,0.018,34463.50980321065,6.0
RO-A3,small,DIGITAL,0.572864537289441,0.9278330447145545,0.14540077225132803,0.6056004691697038,1.2953560679382699,1.2130254354925845,0.565896877889402,0.16347183432585072,0.6348255877649388,0.8237314944239702,LHS_TRAIN,RO-A3-C06,RO-A3-C06-DIGITAL-L057,8132028,0.9262788599978287,Fabricated metal products and machining SME,27000.0,25051.492207292973,31.049164725163976,11.0,17.0,145.8,360.0,0.55,0.1,0.68,0.48,0.018,31871.7141868218,6.0
RO-A3,small,CIRCULAR,0.43706872658777746,0.8014370123442026,0.26276975243259126,0.6263916747890218,1.3587998142502973,0.8080268622301378,0.184351202730749,0.8501253744408386,0.2525507918828836,0.6658433275853044,LHS_TRAIN,RO-A3-C07,RO-A3-C07-CIRCULAR-L044,8132028,0.9262788599978287,Fabricated metal products and machining SME,27000.0,21638.79933329347,31.049164725163976,11.0,17.0,145.8,360.0,0.55,0.1,0.68,0.48,0.018,32359.5385940444,6.0
RO-A3,large,SOCIAL,0.9428109470272632,0.8461990800198552,0.08098236442475004,0.8806517165807011,0.8494376802616743,1.1345731564992318,0.6435933873192439,0.2698402569459784,0.548428487402068,0.6859283647947576,LHS_TRAIN,RO-A3-C08,RO-A3-C08-SOCIAL-L094,8132028,0.9262788599978287,Fabricated metal products and machining SME,132000.0,111698.2785626209,697.8387661982083,11.0,17.0,125.55000000000001,360.0,0.55,0.1,0.68,0.48,0.018,184413.91237797064,6.0
RO-A3,small,ENERGY,0.8340900204326583,1.1741928083466264,0.2892238387369429,0.7730960644706268,1.242240596047591,0.9292974874205397,0.3517016328072461,0.48513676887392376,0.893600388189575,0.9085274854648948,LHS_TRAIN,RO-A3-C09,RO-A3-C09-ENERGY-L083,8132028,0.9262788599978287,Fabricated metal products and machining SME,27000.0,31703.205825358913,31.049164725163976,11.0,17.0,145.8,360.0,0.55,0.1,0.68,0.48,0.018,35573.50756593337,6.0
RO-A3,large,ENERGY,0.2903262282612778,1.0581260799746062,0.1731830627639265,0.8106246872852263,1.1909727469867417,0.8853180334452753,0.060696281798564296,0.8047256878819112,0.48509327855359596,0.73844894728998,LHS_TRAIN,RO-A3-C10,RO-A3-C10-ENERGY-L029,8132028,0.9262788599978287,Fabricated metal products and machining SME,132000.0,139672.642556648,697.8387661982083,11.0,17.0,125.55000000000001,360.0,0.55,0.1,0.68,0.48,0.018,177664.52517811264,6.0
RO-A4,large,MAINT,0.4315447231784325,1.1539230760949173,0.14510863886624875,0.7712795922608148,1.212414789011273,1.0193041347096978,0.4700639230763059,0.7286817858868939,0.8881806367416161,0.5807979146497021,LHS_TRAIN,RO-A4-C01,RO-A4-C01-MAINT-L043,8132029,0.9026665056846984,Industrial machinery and equipment manufacturer,33000.0,38079.46151113227,697.8387661982083,24.0,52.0,576.6,620.0,1.2,0.08,0.82,0.45,0.018,43432.73065298651,6.0
RO-A4,small,BASE,0.0,1.0675963868694356,0.18688059376966254,0.8432000684626126,0.9188563935528796,0.8249352485455824,0.1431802988669794,0.22384462022866858,0.27343813969735803,0.9110577953329771,LHS_TRAIN,RO-A4-C02,RO-A4-C02-BASE-L000,8132029,0.9026665056846984,Industrial machinery and equipment manufacturer,6750.0,7206.27561136869,31.049164725163976,24.0,52.0,669.6,620.0,1.2,0.08,0.82,0.45,0.018,9247.629557904373,6.0
RO-A4,large,SOCIAL,0.3041087993644651,0.879362555220951,0.29109530029420483,0.8074312858782883,1.0366852023994109,1.1471263429760163,0.6318888940665017,0.8343663431781687,0.7194136501959851,0.5607673384866679,LHS_TRAIN,RO-A4-C03,RO-A4-C03-SOCIAL-L030,8132029,0.9026665056846984,Industrial machinery and equipment manufacturer,33000.0,29018.964322291384,697.8387661982083,24.0,52.0,576.6,620.0,1.2,0.08,0.82,0.45,0.018,44337.30735746029,6.0
RO-A4,medium,ENERGY,0.9377018231291527,0.9203215822980289,0.22746255089006373,0.553731690872751,0.8420877188085338,1.059522383940314,0.016523786071374356,0.7840897455823285,0.7913655201637182,0.6951330052850456,LHS_TRAIN,RO-A4-C04,RO-A4-C04-ENERGY-L094,8132029,0.9026665056846984,Industrial machinery and equipment manufacturer,15000.0,13804.823734470432,140.0,24.0,52.0,620.0,620.0,1.2,0.08,0.82,0.45,0.018,17007.24024182329,6.0
RO-A4,small,ENERGY,0.7927777970998361,0.8217264167698519,0.06820569533029067,0.7360140120995059,1.1157979929169382,1.2114149840146409,0.568000130947204,0.5783044531388607,0.38461880008760263,0.8623908617393918,LHS_TRAIN,RO-A4-C05,RO-A4-C05-ENERGY-L079,8132029,0.9026665056846984,Industrial machinery and equipment manufacturer,6750.0,5546.653313196501,31.049164725163976,24.0,52.0,669.6,620.0,1.2,0.08,0.82,0.45,0.018,8698.820647022214,6.0
RO-A4,large,CIRCULAR,0.5168950136062247,0.9760052863386097,0.2733954976955116,0.5912108967970993,1.3725652777421695,0.8942290554549528,0.19913154417792456,0.6336143412168742,0.8471580010694159,0.8052721521311947,LHS_TRAIN,RO-A4-C06,RO-A4-C06-CIRCULAR-L052,8132029,0.9026665056846984,Industrial machinery and equipment manufacturer,33000.0,32208.17444917412,697.8387661982083,24.0,52.0,576.6,620.0,1.2,0.08,0.82,0.45,0.018,38535.047628868706,6.0
RO-A4,medium,DIGITAL,0.9188056079408085,1.0343634171254927,0.1671459065334459,0.625769308418537,1.1772363392175254,0.7875458767779788,0.26858810553894585,0.4672687373521618,0.4537053104538372,0.4682727410862523,LHS_TRAIN,RO-A4-C07,RO-A4-C07-DIGITAL-L092,8132029,0.9026665056846984,Industrial machinery and equipment manufacturer,15000.0,15515.45125688239,140.0,24.0,52.0,620.0,620.0,1.2,0.08,0.82,0.45,0.018,17969.481346179367,6.0
RO-A4,small,BASE,0.0,0.9017582503967108,0.2185321834956543,0.8685325377056575,1.3393580919495987,1.1873955723210148,0.7050031841319491,0.2850443229932629,0.6033633756519872,0.6680634522850748,LHS_TRAIN,RO-A4-C08,RO-A4-C08-BASE-L000,8132029,0.9026665056846984,Industrial machinery and equipment manufacturer,6750.0,6086.868190177797,31.049164725163976,24.0,52.0,669.6,620.0,1.2,0.08,0.82,0.45,0.018,9371.635339213659,6.0
RO-A4,small,INTEGRATED,0.3498523445590638,1.1829188651065121,0.08934359993365715,0.6913995312038731,1.4672792520339148,0.9077773016905095,0.35638062674912807,0.13923078051833462,0.5468665068679699,0.40920188276338687,LHS_TRAIN,RO-A4-C09,RO-A4-C09-INTEGRATED-L035,8132029,0.9026665056846984,Industrial machinery and equipment manufacturer,6750.0,7984.702339468957,31.049164725163976,24.0,52.0,669.6,620.0,1.2,0.08,0.82,0.45,0.018,8457.455587334745,6.0
RO-A4,medium,MAINT,0.5894856595260162,1.1107089437278388,0.11870218505559278,0.6842304558540623,0.7535209246040431,0.9948089794209556,0.39593091916220857,0.39322021358832415,0.4935744495945552,0.7384016345646985,LHS_TRAIN,RO-A4-C10,RO-A4-C10-MAINT-L059,8132029,0.9026665056846984,Industrial machinery and equipment manufacturer,15000.0,16660.63415591758,140.0,24.0,52.0,620.0,620.0,1.2,0.08,0.82,0.45,0.018,18706.399553664665,6.0
RO-A5,medium,DIGITAL,0.8986606279243334,1.0204804590534688,0.276102493943846,0.6559746581863684,0.9632795234391468,0.9155828817136111,0.004300179203895707,0.4118097607788117,0.2798485174404864,0.7160854531818286,LHS_TRAIN,RO-A5-C01,RO-A5-C01-DIGITAL-L090,8132030,1.013097014532643,Food-processing company,520000.0,530649.8387078037,140.0,0.9,1.15,2.7,250.0,0.035,0.16,0.58,0.35,0.025,636297.7509422232,6.0
RO-A5,small,MAINT,0.9781782919802424,1.057574627261148,0.19703510779670236,0.6964652619356516,1.2571173345925037,1.1160965972001073,0.08238057744519658,0.6266747049973981,0.8030982000828584,0.8715915419428439,LHS_TRAIN,RO-A5-C02,RO-A5-C02-MAINT-L098,8132030,1.013097014532643,Food-processing company,234000.0,247472.4627791086,31.049164725163976,0.9,1.15,2.9160000000000004,250.0,0.035,0.16,0.58,0.35,0.025,294156.52133408544,6.0
RO-A5,large,BASE,0.0,1.1220398250258548,0.207651235344065,0.8539454795697398,0.7659348602691897,1.0676310004874323,0.7248554201658963,0.16826486285137116,0.7195828739837795,0.7799984781949489,LHS_TRAIN,RO-A5-C03,RO-A5-C03-BASE-L000,8132030,1.013097014532643,Food-processing company,1144000.0,1283613.5598295778,697.8387661982083,0.9,1.15,2.511,250.0,0.035,0.16,0.58,0.35,0.025,1576258.5521746401,6.0
RO-A5,medium,ENERGY,0.37583285388414067,1.1845904915580774,0.1222376076484221,0.7472560067984726,1.162549057562253,1.0368046611299895,0.15411260239484043,0.7611118868661196,0.3629009387678373,0.5676092903353547,LHS_TRAIN,RO-A5-C04,RO-A5-C04-ENERGY-L038,8132030,1.013097014532643,Food-processing company,520000.0,615987.0556102003,140.0,0.9,1.15,2.7,250.0,0.035,0.16,0.58,0.35,0.025,674718.23404153,6.0
RO-A5,medium,MAINT,0.5328303405909303,0.8479164008882812,0.2601688261432602,0.5571861202149195,1.3388253145919093,1.241116969219102,0.29176468917680265,0.20988427171897187,0.5176903683911349,0.5136424099708601,LHS_TRAIN,RO-A5-C05,RO-A5-C05-MAINT-L053,8132030,1.013097014532643,Food-processing company,520000.0,440916.52846190624,140.0,0.9,1.15,2.7,250.0,0.035,0.16,0.58,0.35,0.025,591236.6404363479,6.0
RO-A5,small,BASE,0.0,0.9708066161735249,0.07830381602001876,0.8847505190790896,1.0280504384961107,0.7835538989041821,0.4693796598405244,0.33436317516236924,0.904079660967221,0.6664076642959981,LHS_TRAIN,RO-A5-C06,RO-A5-C06-BASE-L000,8132030,1.013097014532643,Food-processing company,234000.0,227168.74818460483,31.049164725163976,0.9,1.15,2.9160000000000004,250.0,0.035,0.16,0.58,0.35,0.025,327599.3986220345,6.0
RO-A5,large,CIRCULAR,0.7688383454628863,1.1074227416778166,0.14454408727754367,0.6123389157017887,0.8509424336403523,0.9619354177464206,0.4159778216907427,0.49707434140662576,0.5844524209107823,0.45972098978216913,LHS_TRAIN,RO-A5-C07,RO-A5-C07-CIRCULAR-L077,8132030,1.013097014532643,Food-processing company,1144000.0,1266891.6164794222,697.8387661982083,0.9,1.15,2.511,250.0,0.035,0.16,0.58,0.35,0.025,1357157.4295819364,6.0
RO-A5,small,ENERGY,0.5770904634156989,0.8299815098288152,0.2361214127729669,0.8192628479722996,1.3606898654897055,0.8665619837619083,0.33083248829718126,0.8512256450481468,0.8599511074424523,0.4012485747818331,LHS_TRAIN,RO-A5-C08,RO-A5-C08-ENERGY-L058,8132030,1.013097014532643,Food-processing company,234000.0,194215.67329994278,31.049164725163976,0.9,1.15,2.9160000000000004,250.0,0.035,0.16,0.58,0.35,0.025,316456.6246050713,6.0
RO-A5,small,INTEGRATED,0.3046143243641016,0.9373855047943312,0.0571706551087801,0.6521551595637425,1.458264664025256,0.8216550592809528,0.5616261105901998,0.5118536899564096,0.4161210389898018,0.9297698958219468,LHS_TRAIN,RO-A5-C09,RO-A5-C09-INTEGRATED-L030,8132030,1.013097014532643,Food-processing company,234000.0,219348.20812187353,31.049164725163976,0.9,1.15,2.9160000000000004,250.0,0.035,0.16,0.58,0.35,0.025,285582.5352149317,6.0
RO-A5,large,SOCIAL,0.811569269410785,0.8972369796286696,0.16321919342519992,0.7852753672759749,1.050930748325867,1.1578050580910162,0.6530390636066932,0.698388979079626,0.6428466324497418,0.8119937733086269,LHS_TRAIN,RO-A5-C10,RO-A5-C10-SOCIAL-L081,8132030,1.013097014532643,Food-processing company,1144000.0,1026439.104695198,697.8387661982083,0.9,1.15,2.511,250.0,0.035,0.16,0.58,0.35,0.025,1517902.1625967652,6.0
RO-A6,small,CIRCULAR,0.8619035283428607,1.1897304754763263,0.13156805094676904,0.8220166536697819,1.0845510489009342,0.794760304327121,0.18722004482469007,0.4361499159055954,0.8409252751542332,0.8533118838099658,LHS_TRAIN,RO-A6-C01,RO-A6-C01-CIRCULAR-L086,8132031,1.03345394045562,Wood-products and furniture manufacturer,29250.0,34799.616407682544,31.049164725163976,8.5,21.0,127.44000000000001,500.0,2.5,0.1,0.63,0.5,0.017,39616.856686171435,6.0
RO-A6,small,INTEGRATED,0.5547529806253225,1.119267376288766,0.2230632000453986,0.6589787602652413,1.2635343628681872,1.0059328874545552,0.6367524484313802,0.5350379566865984,0.46474795984954925,0.8338254758751396,LHS_TRAIN,RO-A6-C02,RO-A6-C02-INTEGRATED-L055,8132031,1.03345394045562,Wood-products and furniture manufacturer,29250.0,32738.570756446403,31.049164725163976,8.5,21.0,127.44000000000001,500.0,2.5,0.1,0.63,0.5,0.017,35865.4161808172,6.0
RO-A6,large,DIGITAL,0.7251979216278959,0.8719463108237557,0.26705625849068626,0.8620540836674896,1.4228988960084734,1.0818837533317882,0.5726403492235101,0.2789288852510291,0.6817590491348642,0.6683463301931127,LHS_TRAIN,RO-A6-C03,RO-A6-C03-DIGITAL-L073,8132031,1.03345394045562,Wood-products and furniture manufacturer,143000.0,124688.32244779707,697.8387661982083,8.5,21.0,109.74000000000001,500.0,2.5,0.1,0.63,0.5,0.017,197872.04182089347,6.0
RO-A6,medium,SOCIAL,0.5471342860267278,1.0791403328601623,0.23211694480877876,0.6045854467818847,1.4613091840028303,0.9663921740291178,0.025809781407884702,0.8842283541554143,0.645244195912727,0.5328942684457459,LHS_TRAIN,RO-A6-C04,RO-A6-C04-SOCIAL-L055,8132031,1.03345394045562,Wood-products and furniture manufacturer,65000.0,70144.12163591055,140.0,8.5,21.0,118.0,500.0,2.5,0.1,0.63,0.5,0.017,76670.30366191511,6.0
RO-A6,small,ENERGY,0.30197952086395763,1.0273630152661473,0.28945300281406683,0.7698744594539169,0.9251707287087201,1.116265962912185,0.37877573811076837,0.7921350806203296,0.7431641794218243,0.483854223982492,LHS_TRAIN,RO-A6-C05,RO-A6-C05-ENERGY-L030,8132031,1.03345394045562,Wood-products and furniture manufacturer,29250.0,30050.368196534808,31.049164725163976,8.5,21.0,127.44000000000001,500.0,2.5,0.1,0.63,0.5,0.017,38465.61651665929,6.0
RO-A6,small,BASE,0.0,0.8938426653007129,0.07480555458659863,0.6433081200061515,1.0172346746184453,1.202235853569316,0.32590454740172425,0.6404954225420025,0.5811460979842471,0.9087403430538918,LHS_TRAIN,RO-A6-C06,RO-A6-C06-BASE-L000,8132031,1.03345394045562,Wood-products and furniture manufacturer,29250.0,26144.89796004585,31.049164725163976,8.5,21.0,127.44000000000001,500.0,2.5,0.1,0.63,0.5,0.017,35479.07610667503,6.0
RO-A6,large,ENERGY,0.33446051328774956,0.9450881580552735,0.15084487594973578,0.5843524552363246,1.2767830868475492,0.8692582127289318,0.25705226659477287,0.34725057623124234,0.4426554483295365,0.42477202013609283,LHS_TRAIN,RO-A6-C07,RO-A6-C07-ENERGY-L033,8132031,1.03345394045562,Wood-products and furniture manufacturer,143000.0,135147.60660190412,697.8387661982083,8.5,21.0,109.74000000000001,500.0,2.5,0.1,0.63,0.5,0.017,166110.69567257026,6.0
RO-A6,medium,MAINT,0.8097802584765101,1.1500788324918099,0.11715778221726923,0.7108259574149276,0.8435324050949128,1.1827271052939519,0.1234391465423444,0.7377404688459674,0.28884707162420753,0.6012909417997071,LHS_TRAIN,RO-A6-C08,RO-A6-C08-MAINT-L081,8132031,1.03345394045562,Wood-products and furniture manufacturer,65000.0,74755.12411196764,140.0,8.5,21.0,118.0,500.0,2.5,0.1,0.63,0.5,0.017,82464.05731786051,6.0
RO-A6,large,BASE,0.0,0.9841664999317253,0.09336100884089728,0.7309595129383831,1.1727414672113392,0.8138273963034404,0.685058654978788,0.20117345192871114,0.3824113580946893,0.6989364638702121,LHS_TRAIN,RO-A6-C09,RO-A6-C09-BASE-L000,8132031,1.03345394045562,Wood-products and furniture manufacturer,143000.0,140735.80949023672,697.8387661982083,8.5,21.0,109.74000000000001,500.0,2.5,0.1,0.63,0.5,0.017,183715.54238418926,6.0
RO-A6,medium,MAINT,0.42999057665327717,0.8141060301680955,0.19397272971842372,0.890980945302069,0.8118837838983622,0.9454287509360144,0.47072082221278677,0.10830095449280681,0.9485831297850121,0.7397628698591596,LHS_TRAIN,RO-A6-C10,RO-A6-C10-MAINT-L043,8132031,1.03345394045562,Wood-products and furniture manufacturer,65000.0,52916.89196092621,140.0,8.5,21.0,118.0,500.0,2.5,0.1,0.63,0.5,0.017,91287.64650473118,6.0
RO-A7,medium,ENERGY,0.432319087510144,0.9567217446587489,0.1821377835926234,0.6882962281290285,1.0409162023582865,1.2115914902857836,0.36562652222198533,0.6543465274156061,0.5623319222049825,0.46482910187922255,LHS_TRAIN,RO-A7-C01,RO-A7-C01-ENERGY-L043,8132032,1.0210961539770602,Rubber and plastics processor,160000.0,153075.47914539982,140.0,4.8,2.7,19.0,410.0,0.12,0.06,0.6,0.4,0.021,200067.6056570212,6.0
RO-A7,medium,BASE,0.0,1.1789366346859182,0.2839242386408162,0.5977709726153567,1.4524870223697453,0.9098222504409472,0.19561045857607337,0.5675466029313206,0.6851651733327955,0.44646751892088515,LHS_TRAIN,RO-A7-C02,RO-A7-C02-BASE-L000,8132032,1.0210961539770602,Rubber and plastics processor,160000.0,188629.8615497469,140.0,4.8,2.7,19.0,410.0,0.12,0.06,0.6,0.4,0.021,196175.0560117368,6.0
RO-A7,large,MAINT,0.7411857519726974,1.0965781296330537,0.26157202372379496,0.8545027757130905,1.183677706328759,0.8936441635577714,0.24160017644654966,0.2331257576012824,0.5213070163574745,0.6294519706563005,LHS_TRAIN,RO-A7-C03,RO-A7-C03-MAINT-L074,8132032,1.0210961539770602,Rubber and plastics processor,352000.0,385995.5016308349,697.8387661982083,4.8,2.7,17.67,410.0,0.12,0.06,0.6,0.4,0.021,485145.03950140014,6.0
RO-A7,large,ENERGY,0.663715345150091,0.8690208819870999,0.2052156801736129,0.5521161624518987,1.2210996321199072,0.7632677686534081,0.46707492984423066,0.4667133822502686,0.3006439357401467,0.8947971078426126,LHS_TRAIN,RO-A7-C04,RO-A7-C04-ENERGY-L066,8132032,1.0210961539770602,Rubber and plastics processor,352000.0,305895.3504594592,697.8387661982083,4.8,2.7,17.67,410.0,0.12,0.06,0.6,0.4,0.021,398578.83872007235,6.0
RO-A7,medium,BASE,0.0,0.8346124714419598,0.0567295199819973,0.8099274115040809,0.8145208928130644,1.129138915621816,0.13558799162353813,0.11450147248366155,0.3630231567067842,0.6005729309304515,LHS_TRAIN,RO-A7-C05,RO-A7-C05-BASE-L000,8132032,1.0210961539770602,Rubber and plastics processor,160000.0,133537.99543071358,140.0,4.8,2.7,19.0,410.0,0.12,0.06,0.6,0.4,0.021,215267.5625062229,6.0
RO-A7,small,CIRCULAR,0.9866094203364593,1.1252038708381713,0.23027204534322265,0.759302723919044,1.0550012745370005,1.1605126410005635,0.4469918899590201,0.7138982760046655,0.9161546258144594,0.7631382332073919,LHS_TRAIN,RO-A7-C06,RO-A7-C06-CIRCULAR-L099,8132032,1.0210961539770602,Rubber and plastics processor,72000.0,81014.67870034833,31.049164725163976,4.8,2.7,20.520000000000003,410.0,0.12,0.06,0.6,0.4,0.021,94097.28528249038,6.0
RO-A7,large,DIGITAL,0.31473291425631045,1.0653880130089337,0.10275643624133353,0.8882939983746014,0.8768771311816974,1.0413898448352406,0.7193144232334832,0.8135560452448362,0.7757141935130972,0.789081004144208,LHS_TRAIN,RO-A7-C07,RO-A7-C07-DIGITAL-L031,8132032,1.0210961539770602,Rubber and plastics processor,352000.0,375016.58057914465,697.8387661982083,4.8,2.7,17.67,410.0,0.12,0.06,0.6,0.4,0.021,493686.27974032774,6.0
RO-A7,small,SOCIAL,0.610267929411918,1.0049580050896343,0.16597392723075613,0.7196034454961988,1.360539460514525,1.0713547846339018,0.04067866947078082,0.372774385261434,0.8767671028011992,0.906585118093405,LHS_TRAIN,RO-A7-C08,RO-A7-C08-SOCIAL-L061,8132032,1.0210961539770602,Rubber and plastics processor,72000.0,72356.97636645367,31.049164725163976,4.8,2.7,20.520000000000003,410.0,0.12,0.06,0.6,0.4,0.021,91850.66785876769,6.0
RO-A7,small,INTEGRATED,0.3539799432439235,0.8825406309614419,0.09254627322014328,0.6217851292780592,0.9472946895559774,0.8260091813769883,0.6709061087997816,0.3322953968539849,0.6505557997586804,0.6986255484986545,LHS_TRAIN,RO-A7-C09,RO-A7-C09-INTEGRATED-L035,8132032,1.0210961539770602,Rubber and plastics processor,72000.0,63542.92542922381,31.049164725163976,4.8,2.7,20.520000000000003,410.0,0.12,0.06,0.6,0.4,0.021,86005.9529360073,6.0
RO-A7,small,MAINT,0.8908519426130594,0.9892269627073734,0.1359876264717978,0.7803286880084372,1.3232166282211215,0.9636761860076879,0.540148114080186,0.8468060806408144,0.41475977131431635,0.5569820256620261,LHS_TRAIN,RO-A7-C10,RO-A7-C10-MAINT-L089,8132032,1.0210961539770602,Rubber and plastics processor,72000.0,71224.34131493089,31.049164725163976,4.8,2.7,20.520000000000003,410.0,0.12,0.06,0.6,0.4,0.021,95261.02962348632,6.0
RO-A8,medium,MAINT,0.4339979279524713,0.8868313039235938,0.2121471968445955,0.8278895619474327,0.8505601214514265,1.1219879693802834,0.6418294183307622,0.17976514678699496,0.6528324319516879,0.8180381245565739,LHS_TRAIN,RO-A8-C01,RO-A8-C01-MAINT-L043,8132033,1.0548747656929751,Non-metallic mineral/construction-material producer,300000.0,266049.3911770781,140.0,34.0,1050.0,23.0,180.0,18.0,0.28,0.66,0.58,0.015,407630.5309312299,6.0
RO-A8,small,BASE,0.0,0.9310979444021663,0.14058787509165785,0.7851467296079716,1.3405946843217582,1.1585911059731204,0.1962066971731282,0.8361693565953416,0.49485352401213256,0.946028412202999,LHS_TRAIN,RO-A8-C02,RO-A8-C02-BASE-L000,8132033,1.0548747656929751,Non-metallic mineral/construction-material producer,135000.0,125698.22249429245,31.049164725163976,34.0,1050.0,24.840000000000003,180.0,18.0,0.28,0.66,0.58,0.015,179109.86514891178,6.0
RO-A8,medium,SOCIAL,0.7932810547710456,0.833618671980561,0.19005473640069848,0.587668895482886,1.0452998376587819,1.2378152569594596,0.014105484559075593,0.361930167534123,0.5918042216987284,0.4652250020283077,LHS_TRAIN,RO-A8-C03,RO-A8-C03-SOCIAL-L079,8132033,1.0548747656929751,Non-metallic mineral/construction-material producer,300000.0,250085.6015941683,140.0,34.0,1050.0,23.0,180.0,18.0,0.28,0.66,0.58,0.015,349372.597308567,6.0
RO-A8,medium,INTEGRATED,0.6681623035914117,1.1448192902744858,0.2913003410987252,0.7570970188014632,1.160766089558816,0.7862040518913256,0.30256636492860467,0.5366501193631608,0.7604130786433327,0.4057226364520569,LHS_TRAIN,RO-A8-C04,RO-A8-C04-INTEGRATED-L067,8132033,1.0548747656929751,Non-metallic mineral/construction-material producer,300000.0,343445.78708234575,140.0,34.0,1050.0,23.0,180.0,18.0,0.28,0.66,0.58,0.015,391559.0919189314,6.0
RO-A8,large,BASE,0.0,1.0461479532716091,0.12158997248990779,0.8846304039234403,1.2322296679347189,0.9815804439121832,0.7328268730303256,0.49139740912093266,0.7091436152375716,0.5131714447415475,LHS_TRAIN,RO-A8-C05,RO-A8-C05-BASE-L000,8132033,1.0548747656929751,Non-metallic mineral/construction-material producer,660000.0,690457.6491592621,697.8387661982083,34.0,1050.0,21.39,180.0,18.0,0.28,0.66,0.58,0.015,923941.8521239206,6.0
RO-A8,small,ENERGY,0.9181430905194583,0.964788055973544,0.07072492569541994,0.6974479378248408,1.0736050233388112,1.019621771712937,0.4206625427209554,0.33570582444000163,0.32581775524544765,0.6056713438306103,LHS_TRAIN,RO-A8-C06,RO-A8-C06-ENERGY-L092,8132033,1.0548747656929751,Non-metallic mineral/construction-material producer,135000.0,130246.38755642844,31.049164725163976,34.0,1050.0,24.840000000000003,180.0,18.0,0.28,0.66,0.58,0.015,169813.39421936736,6.0
RO-A8,large,MAINT,0.475875799815932,1.005204662427994,0.26272426116347,0.5639736340927067,0.9692699359021377,0.9288891150762418,0.5383959526435461,0.6474762794887207,0.39963351026640426,0.6308137278505617,LHS_TRAIN,RO-A8-C07,RO-A8-C07-MAINT-L048,8132033,1.0548747656929751,Non-metallic mineral/construction-material producer,660000.0,663435.0772024761,697.8387661982083,34.0,1050.0,21.39,180.0,18.0,0.28,0.66,0.58,0.015,754515.6681954929,6.0
RO-A8,small,ENERGY,0.25718782721273803,1.0922404444478473,0.0896486965515843,0.6517849903017665,1.4365055887189635,1.0601601409835593,0.5036584929690789,0.6802395351778705,0.9165234998623822,0.6980440398476502,LHS_TRAIN,RO-A8-C08,RO-A8-C08-ENERGY-L026,8132033,1.0548747656929751,Non-metallic mineral/construction-material producer,135000.0,147452.4600004594,31.049164725163976,34.0,1050.0,24.840000000000003,180.0,18.0,0.28,0.66,0.58,0.015,164717.06489612415,6.0
RO-A8,small,DIGITAL,0.9355845277865482,1.1907566875917062,0.15246021798413195,0.8450707159298434,0.7560023089746548,0.8816063284949762,0.12968396089162182,0.8066037856153708,0.2966591364605746,0.8461149846577832,LHS_TRAIN,RO-A8-C09,RO-A8-C09-DIGITAL-L094,8132033,1.0548747656929751,Non-metallic mineral/construction-material producer,135000.0,160752.15282488032,31.049164725163976,34.0,1050.0,24.840000000000003,180.0,18.0,0.28,0.66,0.58,0.015,185137.12223438712,6.0
RO-A8,large,CIRCULAR,0.33722839275497274,0.8655157323952983,0.23156090343033447,0.6800093593593108,1.361045101588599,0.8300038032068653,0.2391860016127358,0.18873328081386967,0.8315434630832417,0.7626896941618537,LHS_TRAIN,RO-A8-C10,RO-A8-C10-CIRCULAR-L034,8132033,1.0548747656929751,Non-metallic mineral/construction-material producer,660000.0,571240.3833808969,697.8387661982083,34.0,1050.0,21.39,180.0,18.0,0.28,0.66,0.58,0.015,820792.733225876,6.0
